area,name,imageUrl,,profileUrl,office,tags,isLoggedUser,positionName,id,parentId,size
Corporate,Steven,https://raw.githubusercontent.com/bumbeishvili/Assets/master/Projects/D3/Organization%20Chart/general.jpg,,http://example.com/employee/profile,CEO office,"Ceo,tag1, tag2",false,CTO ,O-6067,,
Corporate,Neena,https://raw.githubusercontent.com/bumbeishvili/Assets/master/Projects/D3/Organization%20Chart/female.jpg,,http://example.com/employee/profile,CEO office,"Ceo,tag1, tag2",false,CTO ,O-6068,O-6067,
Corporate,Lex,https://raw.githubusercontent.com/bumbeishvili/Assets/master/Projects/D3/Organization%20Chart/female.jpg,,http://example.com/employee/profile,CEO office,"Ceo,tag1, tag2",false,CTO ,O-6069,O-6067,
Corporate,Alexander,https://raw.githubusercontent.com/bumbeishvili/Assets/master/Projects/D3/Organization%20Chart/female.jpg,,http://example.com/employee/profile,CEO office,"Ceo,tag1, tag2",false,CTO ,O-6070,O-6069,
Corporate,Bruce,https://raw.githubusercontent.com/bumbeishvili/Assets/master/Projects/D3/Organization%20Chart/female.jpg,,http://example.com/employee/profile,CEO office,"Ceo,tag1, tag2",false,CTO ,O-6071,O-6068,
Corporate,David,https://raw.githubusercontent.com/bumbeishvili/Assets/master/Projects/D3/Organization%20Chart/general.jpg,,http://example.com/employee/profile,CEO office,"Ceo,tag1, tag2",false,Linear Manager,O-6072,O-6071,
Corporate,Valli,https://raw.githubusercontent.com/bumbeishvili/Assets/master/Projects/D3/Organization%20Chart/general.jpg,,http://example.com/employee/profile,CEO office,"Ceo,tag1, tag2",false,CTO ,O-6073,O-6071,
Corporate,Diana,https://raw.githubusercontent.com/bumbeishvili/Assets/master/Projects/D3/Organization%20Chart/general.jpg,,http://example.com/employee/profile,CEO office,"Ceo,tag1, tag2",false,CTO ,O-6074,O-6073,
Corporate,Nancy,https://raw.githubusercontent.com/bumbeishvili/Assets/master/Projects/D3/Organization%20Chart/general.jpg,,http://example.com/employee/profile,CEO office,"Ceo,tag1, tag2",false,CTO ,O-6075,O-6074,
Corporate,Daniel,https://raw.githubusercontent.com/bumbeishvili/Assets/master/Projects/D3/Organization%20Chart/general.jpg,,http://example.com/employee/profile,CEO office,"Ceo,tag1, tag2",false,CTO ,O-6076,O-6074,
Corporate,John,https://raw.githubusercontent.com/bumbeishvili/Assets/master/Projects/D3/Organization%20Chart/general.jpg,,http://example.com/employee/profile,CEO office,"Ceo,tag1, tag2",false,CTO ,O-6077,O-6075,
Corporate,Ismael,https://raw.githubusercontent.com/bumbeishvili/Assets/master/Projects/D3/Organization%20Chart/general.jpg,,http://example.com/employee/profile,CEO office,"Ceo,tag1, tag2",false,CTO ,O-6078,O-6077,
Corporate,Jose Manuel,https://raw.githubusercontent.com/bumbeishvili/Assets/master/Projects/D3/Organization%20Chart/general.jpg,,http://example.com/employee/profile,CEO office,"Ceo,tag1, tag2",false,CTO ,O-6079,O-6077,
Corporate,Luis,https://raw.githubusercontent.com/bumbeishvili/Assets/master/Projects/D3/Organization%20Chart/general.jpg,,http://example.com/employee/profile,CEO office,"Ceo,tag1, tag2",false,CTO ,O-6080,O-6076,
Corporate,Den,https://raw.githubusercontent.com/bumbeishvili/Assets/master/Projects/D3/Organization%20Chart/general.jpg,,http://example.com/employee/profile,CEO office,"Ceo,tag1, tag2",false,CTO ,O-6081,O-6080,
Corporate,Alexander,https://raw.githubusercontent.com/bumbeishvili/Assets/master/Projects/D3/Organization%20Chart/general.jpg,,http://example.com/employee/profile,CEO office,"Ceo,tag1, tag2",false,CTO ,O-6082,O-6080,
Corporate,Shelli,https://raw.githubusercontent.com/bumbeishvili/Assets/master/Projects/D3/Organization%20Chart/general.jpg,,http://example.com/employee/profile,CEO office,"Ceo,tag1, tag2",false,CTO ,O-6083,O-6081,
Corporate,Sigal,https://raw.githubusercontent.com/bumbeishvili/Assets/master/Projects/D3/Organization%20Chart/general.jpg,,http://example.com/employee/profile,CEO office,"Ceo,tag1, tag2",false,CTO ,O-6084,O-6081,
Corporate,Guy,https://raw.githubusercontent.com/bumbeishvili/Assets/master/Projects/D3/Organization%20Chart/general.jpg,,http://example.com/employee/profile,CEO office,"Ceo,tag1, tag2",false,CTO ,O-6085,O-6082,
Corporate,Karen,https://raw.githubusercontent.com/bumbeishvili/Assets/master/Projects/D3/Organization%20Chart/general.jpg,,http://example.com/employee/profile,CEO office,"Ceo,tag1, tag2",false,CTO ,O-6086,O-6082,
Corporate,Matthew,https://raw.githubusercontent.com/bumbeishvili/Assets/master/Projects/D3/Organization%20Chart/general.jpg,,http://example.com/employee/profile,CEO office,"Ceo,tag1, tag2",false,CTO ,O-6087,O-6082,
Corporate,Adam,https://raw.githubusercontent.com/bumbeishvili/Assets/master/Projects/D3/Organization%20Chart/general.jpg,,http://example.com/employee/profile,CEO office,"Ceo,tag1, tag2",false,CTO ,O-6088,O-6082,
Corporate,Payam,https://raw.githubusercontent.com/bumbeishvili/Assets/master/Projects/D3/Organization%20Chart/general.jpg,,http://example.com/employee/profile,CEO office,"Ceo,tag1, tag2",false,CTO ,O-6089,O-6082,
Corporate,Shanta,https://raw.githubusercontent.com/bumbeishvili/Assets/master/Projects/D3/Organization%20Chart/general.jpg,,http://example.com/employee/profile,CEO office,"Ceo,tag1, tag2",false,CTO ,O-6090,O-6082,
Corporate,Kevin,https://raw.githubusercontent.com/bumbeishvili/Assets/master/Projects/D3/Organization%20Chart/general.jpg,,http://example.com/employee/profile,CEO office,"Ceo,tag1, tag2",false,CTO ,O-6091,O-6090,
Corporate,Julia,https://raw.githubusercontent.com/bumbeishvili/Assets/master/Projects/D3/Organization%20Chart/general.jpg,,http://example.com/employee/profile,CEO office,"Ceo,tag1, tag2",false,CTO ,O-6092,O-6091,
Corporate,Irene,https://raw.githubusercontent.com/bumbeishvili/Assets/master/Projects/D3/Organization%20Chart/general.jpg,,http://example.com/employee/profile,CEO office,"Ceo,tag1, tag2",false,CTO ,O-6094,O-6092,
Corporate,James,https://raw.githubusercontent.com/bumbeishvili/Assets/master/Projects/D3/Organization%20Chart/general.jpg,,http://example.com/employee/profile,CEO office,"Ceo,tag1, tag2",false,CTO ,O-6094,O-6092,
Corporate,Steven,https://raw.githubusercontent.com/bumbeishvili/Assets/master/Projects/D3/Organization%20Chart/general.jpg,,http://example.com/employee/profile,CEO office,"Ceo,tag1, tag2",false,CTO ,O-6095,O-6094,
Corporate,Laura,https://raw.githubusercontent.com/bumbeishvili/Assets/master/Projects/D3/Organization%20Chart/general.jpg,,http://example.com/employee/profile,CEO office,"Ceo,tag1, tag2",false,CTO ,O-6096,O-6095,
Corporate,Mozhe,https://raw.githubusercontent.com/bumbeishvili/Assets/master/Projects/D3/Organization%20Chart/general.jpg,,http://example.com/employee/profile,CEO office,"Ceo,tag1, tag2",false,CTO ,O-6097,O-6095,
Corporate,James,https://raw.githubusercontent.com/bumbeishvili/Assets/master/Projects/D3/Organization%20Chart/general.jpg,,http://example.com/employee/profile,CEO office,"Ceo,tag1, tag2",false,CTO ,O-6098,O-6097,
Corporate,TJ,https://raw.githubusercontent.com/bumbeishvili/Assets/master/Projects/D3/Organization%20Chart/general.jpg,,http://example.com/employee/profile,CEO office,"Ceo,tag1, tag2",false,CTO ,O-6099,O-6097,
Corporate,Jason,https://raw.githubusercontent.com/bumbeishvili/Assets/master/Projects/D3/Organization%20Chart/general.jpg,,http://example.com/employee/profile,CEO office,"Ceo,tag1, tag2",false,CTO ,O-6100,O-6099,
Corporate,Michael,https://raw.githubusercontent.com/bumbeishvili/Assets/master/Projects/D3/Organization%20Chart/general.jpg,,http://example.com/employee/profile,CEO office,"Ceo,tag1, tag2",false,CTO ,O-6101,O-6099,
Corporate,Ki,https://raw.githubusercontent.com/bumbeishvili/Assets/master/Projects/D3/Organization%20Chart/general.jpg,,http://example.com/employee/profile,CEO office,"Ceo,tag1, tag2",false,CTO ,O-6102,O-6099,
Corporate,Hazel,https://raw.githubusercontent.com/bumbeishvili/Assets/master/Projects/D3/Organization%20Chart/general.jpg,,http://example.com/employee/profile,CEO office,"Ceo,tag1, tag2",false,CTO ,O-6103,O-6099,
Corporate,Renske,https://raw.githubusercontent.com/bumbeishvili/Assets/master/Projects/D3/Organization%20Chart/general.jpg,,http://example.com/employee/profile,CEO office,"Ceo,tag1, tag2",false,CTO ,O-6104,O-6103,
Corporate,Stephen,https://raw.githubusercontent.com/bumbeishvili/Assets/master/Projects/D3/Organization%20Chart/general.jpg,,http://example.com/employee/profile,CEO office,"Ceo,tag1, tag2",false,CTO ,O-6105,O-6103,
Corporate,John,https://raw.githubusercontent.com/bumbeishvili/Assets/master/Projects/D3/Organization%20Chart/general.jpg,,http://example.com/employee/profile,CEO office,"Ceo,tag1, tag2",false,CTO ,O-6106,O-6105,
Corporate,Joshua,https://raw.githubusercontent.com/bumbeishvili/Assets/master/Projects/D3/Organization%20Chart/general.jpg,,http://example.com/employee/profile,CEO office,"Ceo,tag1, tag2",false,CTO ,O-6107,O-6104,
Corporate,Trenna,https://raw.githubusercontent.com/bumbeishvili/Assets/master/Projects/D3/Organization%20Chart/general.jpg,,http://example.com/employee/profile,CEO office,"Ceo,tag1, tag2",false,CTO ,O-6108,O-6104,
Corporate,Curtis,https://raw.githubusercontent.com/bumbeishvili/Assets/master/Projects/D3/Organization%20Chart/general.jpg,,http://example.com/employee/profile,CEO office,"Ceo,tag1, tag2",false,CTO ,O-6109,O-6104,
Corporate,Randall,https://raw.githubusercontent.com/bumbeishvili/Assets/master/Projects/D3/Organization%20Chart/general.jpg,,http://example.com/employee/profile,CEO office,"Ceo,tag1, tag2",false,CTO ,O-6110,O-6109,
Corporate,Peter,https://raw.githubusercontent.com/bumbeishvili/Assets/master/Projects/D3/Organization%20Chart/general.jpg,,http://example.com/employee/profile,CEO office,"Ceo,tag1, tag2",false,CTO ,O-6111,O-6109,
Corporate,John,https://raw.githubusercontent.com/bumbeishvili/Assets/master/Projects/D3/Organization%20Chart/general.jpg,,http://example.com/employee/profile,CEO office,"Ceo,tag1, tag2",false,CTO ,O-6112,O-6109,
Corporate,Karen,https://raw.githubusercontent.com/bumbeishvili/Assets/master/Projects/D3/Organization%20Chart/general.jpg,,http://example.com/employee/profile,CEO office,"Ceo,tag1, tag2",false,CTO ,O-6113,O-6110,
Corporate,Alberto,https://raw.githubusercontent.com/bumbeishvili/Assets/master/Projects/D3/Organization%20Chart/general.jpg,,http://example.com/employee/profile,CEO office,"Ceo,tag1, tag2",false,CTO ,O-6114,O-6113,
Corporate,Gerald,https://raw.githubusercontent.com/bumbeishvili/Assets/master/Projects/D3/Organization%20Chart/general.jpg,,http://example.com/employee/profile,CEO office,"Ceo,tag1, tag2",false,CTO ,O-6115,O-6113,
Corporate,Eleni,https://raw.githubusercontent.com/bumbeishvili/Assets/master/Projects/D3/Organization%20Chart/general.jpg,,http://example.com/employee/profile,CEO office,"Ceo,tag1, tag2",false,CTO ,O-6114,O-6114,
Corporate,Peter,https://raw.githubusercontent.com/bumbeishvili/Assets/master/Projects/D3/Organization%20Chart/general.jpg,,http://example.com/employee/profile,CEO office,"Ceo,tag1, tag2",false,CTO ,O-6117,O-6114,
Corporate,David,https://raw.githubusercontent.com/bumbeishvili/Assets/master/Projects/D3/Organization%20Chart/general.jpg,,http://example.com/employee/profile,CEO office,"Ceo,tag1, tag2",false,CTO ,O-6118,O-6114,
Corporate,Peter,https://raw.githubusercontent.com/bumbeishvili/Assets/master/Projects/D3/Organization%20Chart/general.jpg,,http://example.com/employee/profile,CEO office,"Ceo,tag1, tag2",false,CTO ,O-6119,O-6117,
Corporate,Christopher,https://raw.githubusercontent.com/bumbeishvili/Assets/master/Projects/D3/Organization%20Chart/general.jpg,,http://example.com/employee/profile,CEO office,"Ceo,tag1, tag2",false,CTO ,O-6120,O-6119,
Corporate,Nanette,https://raw.githubusercontent.com/bumbeishvili/Assets/master/Projects/D3/Organization%20Chart/general.jpg,,http://example.com/employee/profile,CEO office,"Ceo,tag1, tag2",false,CTO ,O-6121,O-6120,
Corporate,Oliver,https://raw.githubusercontent.com/bumbeishvili/Assets/master/Projects/D3/Organization%20Chart/general.jpg,,http://example.com/employee/profile,CEO office,"Ceo,tag1, tag2",false,CTO ,O-6122,O-6118,
Corporate,Janette,https://raw.githubusercontent.com/bumbeishvili/Assets/master/Projects/D3/Organization%20Chart/general.jpg,,http://example.com/employee/profile,CEO office,"Ceo,tag1, tag2",false,CTO ,O-6123,O-6122,
Corporate,Patrick,https://raw.githubusercontent.com/bumbeishvili/Assets/master/Projects/D3/Organization%20Chart/general.jpg,,http://example.com/employee/profile,CEO office,"Ceo,tag1, tag2",false,CTO ,O-6124,O-6115,
Corporate,Allan,https://raw.githubusercontent.com/bumbeishvili/Assets/master/Projects/D3/Organization%20Chart/general.jpg,,http://example.com/employee/profile,CEO office,"Ceo,tag1, tag2",false,CTO ,O-6125,O-6124,
Corporate,Lindsey,https://raw.githubusercontent.com/bumbeishvili/Assets/master/Projects/D3/Organization%20Chart/general.jpg,,http://example.com/employee/profile,CEO office,"Ceo,tag1, tag2",false,CTO ,O-6126,O-6111,
Corporate,Louise,https://raw.githubusercontent.com/bumbeishvili/Assets/master/Projects/D3/Organization%20Chart/general.jpg,,http://example.com/employee/profile,CEO office,"Ceo,tag1, tag2",false,CTO ,O-6127,O-6126,
Corporate,Sarath,https://raw.githubusercontent.com/bumbeishvili/Assets/master/Projects/D3/Organization%20Chart/general.jpg,,http://example.com/employee/profile,CEO office,"Ceo,tag1, tag2",false,CTO ,O-6128,O-6127,
Corporate,Clara,https://raw.githubusercontent.com/bumbeishvili/Assets/master/Projects/D3/Organization%20Chart/general.jpg,,http://example.com/employee/profile,CEO office,"Ceo,tag1, tag2",false,CTO ,O-6129,O-6127,
Corporate,Danielle,https://raw.githubusercontent.com/bumbeishvili/Assets/master/Projects/D3/Organization%20Chart/general.jpg,,http://example.com/employee/profile,CEO office,"Ceo,tag1, tag2",false,CTO ,O-6130,O-6129,
Corporate,Mattea,https://raw.githubusercontent.com/bumbeishvili/Assets/master/Projects/D3/Organization%20Chart/general.jpg,,http://example.com/employee/profile,CEO office,"Ceo,tag1, tag2",false,CTO ,O-6131,O-6130,
Corporate,David,https://raw.githubusercontent.com/bumbeishvili/Assets/master/Projects/D3/Organization%20Chart/general.jpg,,http://example.com/employee/profile,CEO office,"Ceo,tag1, tag2",false,CTO ,O-6132,O-6128,
Corporate,Sundar,https://raw.githubusercontent.com/bumbeishvili/Assets/master/Projects/D3/Organization%20Chart/general.jpg,,http://example.com/employee/profile,CEO office,"Ceo,tag1, tag2",false,CTO ,O-6133,O-6131,
Corporate,Amit,https://raw.githubusercontent.com/bumbeishvili/Assets/master/Projects/D3/Organization%20Chart/general.jpg,,http://example.com/employee/profile,CEO office,"Ceo,tag1, tag2",false,CTO ,O-6134,O-6112,
Corporate,Lisa,https://raw.githubusercontent.com/bumbeishvili/Assets/master/Projects/D3/Organization%20Chart/general.jpg,,http://example.com/employee/profile,CEO office,"Ceo,tag1, tag2",false,CTO ,O-6135,O-6112,
Corporate,Harrison,https://raw.githubusercontent.com/bumbeishvili/Assets/master/Projects/D3/Organization%20Chart/general.jpg,,http://example.com/employee/profile,CEO office,"Ceo,tag1, tag2",false,CTO ,O-6136,O-6134,
Corporate,Tayler,https://raw.githubusercontent.com/bumbeishvili/Assets/master/Projects/D3/Organization%20Chart/general.jpg,,http://example.com/employee/profile,CEO office,"Ceo,tag1, tag2",false,CTO ,O-6137,O-6135,
Corporate,William,https://raw.githubusercontent.com/bumbeishvili/Assets/master/Projects/D3/Organization%20Chart/general.jpg,,http://example.com/employee/profile,CEO office,"Ceo,tag1, tag2",false,CTO ,O-6138,O-6136,
Corporate,Elizabeth,https://raw.githubusercontent.com/bumbeishvili/Assets/master/Projects/D3/Organization%20Chart/general.jpg,,http://example.com/employee/profile,CEO office,"Ceo,tag1, tag2",false,CTO ,O-6139,O-6138,
Corporate,Sundita,https://raw.githubusercontent.com/bumbeishvili/Assets/master/Projects/D3/Organization%20Chart/general.jpg,,http://example.com/employee/profile,CEO office,"Ceo,tag1, tag2",false,CTO ,O-6140,O-6138,
Corporate,Ellen,https://raw.githubusercontent.com/bumbeishvili/Assets/master/Projects/D3/Organization%20Chart/general.jpg,,http://example.com/employee/profile,CEO office,"Ceo,tag1, tag2",false,CTO ,O-6141,O-6140,
Corporate,Alyssa,https://raw.githubusercontent.com/bumbeishvili/Assets/master/Projects/D3/Organization%20Chart/general.jpg,,http://example.com/employee/profile,CEO office,"Ceo,tag1, tag2",false,CTO ,O-6142,O-6131,
Corporate,Jonathon,https://raw.githubusercontent.com/bumbeishvili/Assets/master/Projects/D3/Organization%20Chart/general.jpg,,http://example.com/employee/profile,CEO office,"Ceo,tag1, tag2",false,CTO ,O-6143,O-6139,
Corporate,Jack,https://raw.githubusercontent.com/bumbeishvili/Assets/master/Projects/D3/Organization%20Chart/general.jpg,,http://example.com/employee/profile,CEO office,"Ceo,tag1, tag2",false,CTO ,O-6144,O-6143,
Corporate,Kimberely,https://raw.githubusercontent.com/bumbeishvili/Assets/master/Projects/D3/Organization%20Chart/general.jpg,,http://example.com/employee/profile,CEO office,"Ceo,tag1, tag2",false,CTO ,O-6145,O-6139,
Corporate,Charles,https://raw.githubusercontent.com/bumbeishvili/Assets/master/Projects/D3/Organization%20Chart/general.jpg,,http://example.com/employee/profile,CEO office,"Ceo,tag1, tag2",false,CTO ,O-6146,O-6145,
Corporate,Winston,https://raw.githubusercontent.com/bumbeishvili/Assets/master/Projects/D3/Organization%20Chart/general.jpg,,http://example.com/employee/profile,CEO office,"Ceo,tag1, tag2",false,CTO ,O-6147,O-6146,
Corporate,Jean,https://raw.githubusercontent.com/bumbeishvili/Assets/master/Projects/D3/Organization%20Chart/general.jpg,,http://example.com/employee/profile,CEO office,"Ceo,tag1, tag2",false,CTO ,O-6148,O-6137,
Corporate,Martha,https://raw.githubusercontent.com/bumbeishvili/Assets/master/Projects/D3/Organization%20Chart/general.jpg,,http://example.com/employee/profile,CEO office,"Ceo,tag1, tag2",false,CTO ,O-6149,O-6148,
Corporate,Girard,https://raw.githubusercontent.com/bumbeishvili/Assets/master/Projects/D3/Organization%20Chart/general.jpg,,http://example.com/employee/profile,CEO office,"Ceo,tag1, tag2",false,CTO ,O-6150,O-6148,
Corporate,Nandita,https://raw.githubusercontent.com/bumbeishvili/Assets/master/Projects/D3/Organization%20Chart/general.jpg,,http://example.com/employee/profile,CEO office,"Ceo,tag1, tag2",false,CTO ,O-6151,O-6150,
Corporate,Alexis,https://raw.githubusercontent.com/bumbeishvili/Assets/master/Projects/D3/Organization%20Chart/general.jpg,,http://example.com/employee/profile,CEO office,"Ceo,tag1, tag2",false,CTO ,O-6152,O-6151,
Corporate,Julia,https://raw.githubusercontent.com/bumbeishvili/Assets/master/Projects/D3/Organization%20Chart/general.jpg,,http://example.com/employee/profile,CEO office,"Ceo,tag1, tag2",false,CTO ,O-6153,O-6149,
,,,,,,,,,,,
,,,,,,,,,,,
,,,,,,,,,,,
,,,,,,,,,,,
,,,,,,,,,,,
,,,,,,,,,,,
,,,,,,,,,,,
